petstore,getInventory,1703140389761,/api/v3/store/inventory,success,petstore3.swagger.io,59,466
,,1703072701163,,success,,0,1162
,,1703072731130,,success,,0,1129
,,1703072761171,,success,,0,1171
,,1703072791128,,success,,0,1128
,,1703072806069,/moc/netstedtemplate10,success,,0,1
,,1703072821132,,success,,0,1132
,,1703072851143,,success,,0,1142
,,1703072881129,,success,,0,1128
,,1703072911133,,success,,0,1133
,,1703072941134,,success,,0,1134
,,1703072971133,,success,,0,1133
petstore,getInventory,1703140389761,/api/v3/store/inventory,success,petstore3.swagger.io,59,466
petstore,getInventory,1703140389761,/api/v3/store/inventory,success,petstore3.swagger.io,59,466
,,1703072701163,,success,,0,1162
,,1703072731130,,success,,0,1129
,,1703072761171,,success,,0,1171
,,1703072791128,,success,,0,1128
,,1703072806069,/moc/netstedtemplate10,success,,0,1
,,1703072821132,,success,,0,1132
,,1703072851143,,success,,0,1142
,,1703072881129,,success,,0,1128
,,1703072911133,,success,,0,1133
,,1703072941134,,success,,0,1134
,,1703072971133,,success,,0,1133
petstore,getInventory,1703140389761,/api/v3/store/inventory,success,petstore3.swagger.io,59,466
